{"data":[{
 "ObjectIdentifier": "8FED7B6D-8A84-4C04-9A62-36D95FB7E70F",
 "Properties": {
  "domain": "ACME.CORP",
  "name": "MICROSOFTDNS@ACME.CORP",
  "distinguishedname": "CN=MICROSOFTDNS,CN=SYSTEM,DC=ACME,DC=CORP",
  "domainsid": "S-1-5-21-973666939-246349160-710258512",
  "highvalue": false,
  "description": "",
  "whencreated": 1709079157
 },
 "IsDeleted": false,
 "IsACLProtected": false,
 "Aces": [
  {
   "RightName": "GenericAll",
   "IsInherited": false,
   "PrincipalSID": "S-1-5-21-973666939-246349160-710258512-512",
   "PrincipalType": "Group"
  },
  {
   "RightName": "WriteOwner",
   "IsInherited": false,
   "PrincipalSID": "S-1-5-21-973666939-246349160-710258512-1102",
   "PrincipalType": "Group"
  },
  {
   "RightName": "WriteDacl",
   "IsInherited": false,
   "PrincipalSID": "S-1-5-21-973666939-246349160-710258512-1102",
   "PrincipalType": "Group"
  },
  {
   "RightName": "GenericAll",
   "IsInherited": false,
   "PrincipalSID": "S-1-5-21-973666939-246349160-710258512-1225",
   "PrincipalType": "User"
  },
  {
   "RightName": "WriteOwner",
   "IsInherited": false,
   "PrincipalSID": "ACME.CORP-S-1-5-9",
   "PrincipalType": "Group"
  },
  {
   "RightName": "WriteDacl",
   "IsInherited": false,
   "PrincipalSID": "ACME.CORP-S-1-5-9",
   "PrincipalType": "Group"
  },
  {
   "RightName": "GenericAll",
   "IsInherited": true,
   "PrincipalSID": "S-1-5-21-973666939-246349160-710258512-519",
   "PrincipalType": "Group"
  },
  {
   "RightName": "WriteOwner",
   "IsInherited": true,
   "PrincipalSID": "ACME.CORP-S-1-5-32-544",
   "PrincipalType": "Group"
  },
  {
   "RightName": "WriteDacl",
   "IsInherited": true,
   "PrincipalSID": "ACME.CORP-S-1-5-32-544",
   "PrincipalType": "Group"
  }
 ],
 "ChildObjects": []
},{
 "ObjectIdentifier": "36B16025-20E7-4E1D-8613-1819D088FBBB",
 "Properties": {
  "domain": "ACME.CORP",
  "name": "WMIGPO@ACME.CORP",
  "distinguishedname": "CN=WMIGPO,CN=WMIPOLICY,CN=SYSTEM,DC=ACME,DC=CORP",
  "domainsid": "S-1-5-21-973666939-246349160-710258512",
  "highvalue": false,
  "description": "",
  "whencreated": 1709079058
 },
 "IsDeleted": false,
 "IsACLProtected": false,
 "Aces": [
  {
   "RightName": "Owns",
   "IsInherited": false,
   "PrincipalSID": "S-1-5-21-973666939-246349160-710258512-512",
   "PrincipalType": "Group"
  },
  {
   "RightName": "WriteOwner",
   "IsInherited": false,
   "PrincipalSID": "S-1-5-21-973666939-246349160-710258512-512",
   "PrincipalType": "Group"
  },
  {
   "RightName": "WriteDacl",
   "IsInherited": false,
   "PrincipalSID": "S-1-5-21-973666939-246349160-710258512-512",
   "PrincipalType": "Group"
  },
  {
   "RightName": "GenericAll",
   "IsInherited": true,
   "PrincipalSID": "S-1-5-21-973666939-246349160-710258512-519",
   "PrincipalType": "Group"
  },
  {
   "RightName": "GenericAll",
   "IsInherited": true,
   "PrincipalSID": "S-1-5-21-973666939-246349160-710258512-512",
   "PrincipalType": "Group"
  }
 ],
 "ChildObjects": []
},{
 "ObjectIdentifier": "669D5D0D-AE8F-432E-AFEA-704F2835A20E",
 "Properties": {
  "domain": "ACME.CORP",
  "name": "POLICYTYPE@ACME.CORP",
  "distinguishedname": "CN=POLICYTYPE,CN=WMIPOLICY,CN=SYSTEM,DC=ACME,DC=CORP",
  "domainsid": "S-1-5-21-973666939-246349160-710258512",
  "highvalue": false,
  "description": "",
  "whencreated": 1709079058
 },
 "IsDeleted": false,
 "IsACLProtected": false,
 "Aces": [
  {
   "RightName": "Owns",
   "IsInherited": false,
   "PrincipalSID": "S-1-5-21-973666939-246349160-710258512-512",
   "PrincipalType": "Group"
  },
  {
   "RightName": "WriteOwner",
   "IsInherited": false,
   "PrincipalSID": "S-1-5-21-973666939-246349160-710258512-512",
   "PrincipalType": "Group"
  },
  {
   "RightName": "WriteDacl",
   "IsInherited": false,
   "PrincipalSID": "S-1-5-21-973666939-246349160-710258512-512",
   "PrincipalType": "Group"
  },
  {
   "RightName": "GenericAll",
   "IsInherited": true,
   "PrincipalSID": "S-1-5-21-973666939-246349160-710258512-519",
   "PrincipalType": "Group"
  },
  {
   "RightName": "GenericAll",
   "IsInherited": true,
   "PrincipalSID": "S-1-5-21-973666939-246349160-710258512-512",
   "PrincipalType": "Group"
  }
 ],
 "ChildObjects": []
},{
 "ObjectIdentifier": "1F784637-22EA-4607-863F-9F6A73488BB2",
 "Properties": {
  "domain": "ACME.CORP",
  "name": "SOM@ACME.CORP",
  "distinguishedname": "CN=SOM,CN=WMIPOLICY,CN=SYSTEM,DC=ACME,DC=CORP",
  "domainsid": "S-1-5-21-973666939-246349160-710258512",
  "highvalue": false,
  "description": "",
  "whencreated": 1709079058
 },
 "IsDeleted": false,
 "IsACLProtected": true,
 "Aces": [
  {
   "RightName": "Owns",
   "IsInherited": false,
   "PrincipalSID": "S-1-5-21-973666939-246349160-710258512-512",
   "PrincipalType": "Group"
  },
  {
   "RightName": "GenericAll",
   "IsInherited": false,
   "PrincipalSID": "S-1-5-21-973666939-246349160-710258512-512",
   "PrincipalType": "Group"
  },
  {
   "RightName": "GenericAll",
   "IsInherited": false,
   "PrincipalSID": "S-1-5-21-973666939-246349160-710258512-519",
   "PrincipalType": "Group"
  }
 ],
 "ChildObjects": []
},{
 "ObjectIdentifier": "E557E086-B488-4ACE-B422-83A4AAD8A8DC",
 "Properties": {
  "domain": "ACME.CORP",
  "name": "POLICYTEMPLATE@ACME.CORP",
  "distinguishedname": "CN=POLICYTEMPLATE,CN=WMIPOLICY,CN=SYSTEM,DC=ACME,DC=CORP",
  "domainsid": "S-1-5-21-973666939-246349160-710258512",
  "highvalue": false,
  "description": "",
  "whencreated": 1709079058
 },
 "IsDeleted": false,
 "IsACLProtected": false,
 "Aces": [
  {
   "RightName": "Owns",
   "IsInherited": false,
   "PrincipalSID": "S-1-5-21-973666939-246349160-710258512-512",
   "PrincipalType": "Group"
  },
  {
   "RightName": "WriteOwner",
   "IsInherited": false,
   "PrincipalSID": "S-1-5-21-973666939-246349160-710258512-512",
   "PrincipalType": "Group"
  },
  {
   "RightName": "WriteDacl",
   "IsInherited": false,
   "PrincipalSID": "S-1-5-21-973666939-246349160-710258512-512",
   "PrincipalType": "Group"
  },
  {
   "RightName": "GenericAll",
   "IsInherited": true,
   "PrincipalSID": "S-1-5-21-973666939-246349160-710258512-519",
   "PrincipalType": "Group"
  },
  {
   "RightName": "GenericAll",
   "IsInherited": true,
   "PrincipalSID": "S-1-5-21-973666939-246349160-710258512-512",
   "PrincipalType": "Group"
  }
 ],
 "ChildObjects": []
},{
 "ObjectIdentifier": "F38B48EF-A6C7-4BA6-A207-179E247E5451",
 "Properties": {
  "domain": "ACME.CORP",
  "name": "WMIPOLICY@ACME.CORP",
  "distinguishedname": "CN=WMIPOLICY,CN=SYSTEM,DC=ACME,DC=CORP",
  "domainsid": "S-1-5-21-973666939-246349160-710258512",
  "highvalue": false,
  "description": "",
  "whencreated": 1709079058
 },
 "IsDeleted": false,
 "IsACLProtected": true,
 "Aces": [
  {
   "RightName": "Owns",
   "IsInherited": false,
   "PrincipalSID": "S-1-5-21-973666939-246349160-710258512-512",
   "PrincipalType": "Group"
  },
  {
   "RightName": "GenericAll",
   "IsInherited": false,
   "PrincipalSID": "S-1-5-21-973666939-246349160-710258512-519",
   "PrincipalType": "Group"
  },
  {
   "RightName": "GenericAll",
   "IsInherited": false,
   "PrincipalSID": "S-1-5-21-973666939-246349160-710258512-512",
   "PrincipalType": "Group"
  }
 ],
 "ChildObjects": []
},{
 "ObjectIdentifier": "6D3F689A-E692-4339-AAD8-3AAC1060BDBA",
 "Properties": {
  "domain": "ACME.CORP",
  "name": "COMPARTITIONSETS@ACME.CORP",
  "distinguishedname": "CN=COMPARTITIONSETS,CN=SYSTEM,DC=ACME,DC=CORP",
  "domainsid": "S-1-5-21-973666939-246349160-710258512",
  "highvalue": false,
  "description": "",
  "whencreated": 1709079058
 },
 "IsDeleted": false,
 "IsACLProtected": false,
 "Aces": [
  {
   "RightName": "Owns",
   "IsInherited": false,
   "PrincipalSID": "S-1-5-21-973666939-246349160-710258512-512",
   "PrincipalType": "Group"
  },
  {
   "RightName": "WriteOwner",
   "IsInherited": false,
   "PrincipalSID": "S-1-5-21-973666939-246349160-710258512-512",
   "PrincipalType": "Group"
  },
  {
   "RightName": "WriteDacl",
   "IsInherited": false,
   "PrincipalSID": "S-1-5-21-973666939-246349160-710258512-512",
   "PrincipalType": "Group"
  },
  {
   "RightName": "GenericAll",
   "IsInherited": true,
   "PrincipalSID": "S-1-5-21-973666939-246349160-710258512-519",
   "PrincipalType": "Group"
  },
  {
   "RightName": "WriteOwner",
   "IsInherited": true,
   "PrincipalSID": "ACME.CORP-S-1-5-32-544",
   "PrincipalType": "Group"
  },
  {
   "RightName": "WriteDacl",
   "IsInherited": true,
   "PrincipalSID": "ACME.CORP-S-1-5-32-544",
   "PrincipalType": "Group"
  }
 ],
 "ChildObjects": []
},{
 "ObjectIdentifier": "62C33172-A661-45CF-8F16-82284449A8E6",
 "Properties": {
  "domain": "ACME.CORP",
  "name": "COMPARTITIONS@ACME.CORP",
  "distinguishedname": "CN=COMPARTITIONS,CN=SYSTEM,DC=ACME,DC=CORP",
  "domainsid": "S-1-5-21-973666939-246349160-710258512",
  "highvalue": false,
  "description": "",
  "whencreated": 1709079058
 },
 "IsDeleted": false,
 "IsACLProtected": false,
 "Aces": [
  {
   "RightName": "Owns",
   "IsInherited": false,
   "PrincipalSID": "S-1-5-21-973666939-246349160-710258512-512",
   "PrincipalType": "Group"
  },
  {
   "RightName": "WriteOwner",
   "IsInherited": false,
   "PrincipalSID": "S-1-5-21-973666939-246349160-710258512-512",
   "PrincipalType": "Group"
  },
  {
   "RightName": "WriteDacl",
   "IsInherited": false,
   "PrincipalSID": "S-1-5-21-973666939-246349160-710258512-512",
   "PrincipalType": "Group"
  },
  {
   "RightName": "GenericAll",
   "IsInherited": true,
   "PrincipalSID": "S-1-5-21-973666939-246349160-710258512-519",
   "PrincipalType": "Group"
  },
  {
   "RightName": "WriteOwner",
   "IsInherited": true,
   "PrincipalSID": "ACME.CORP-S-1-5-32-544",
   "PrincipalType": "Group"
  },
  {
   "RightName": "WriteDacl",
   "IsInherited": true,
   "PrincipalSID": "ACME.CORP-S-1-5-32-544",
   "PrincipalType": "Group"
  }
 ],
 "ChildObjects": []
},{
 "ObjectIdentifier": "ADEA3687-0B39-415E-B0B1-4066BB050E9E",
 "Properties": {
  "domain": "ACME.CORP",
  "name": "ADMINSDHOLDER@ACME.CORP",
  "distinguishedname": "CN=ADMINSDHOLDER,CN=SYSTEM,DC=ACME,DC=CORP",
  "domainsid": "S-1-5-21-973666939-246349160-710258512",
  "highvalue": false,
  "description": "",
  "whencreated": 1709079058
 },
 "IsDeleted": false,
 "IsACLProtected": true,
 "Aces": [
  {
   "RightName": "Owns",
   "IsInherited": false,
   "PrincipalSID": "S-1-5-21-973666939-246349160-710258512-512",
   "PrincipalType": "Group"
  },
  {
   "RightName": "WriteOwner",
   "IsInherited": false,
   "PrincipalSID": "S-1-5-21-973666939-246349160-710258512-512",
   "PrincipalType": "Group"
  },
  {
   "RightName": "WriteDacl",
   "IsInherited": false,
   "PrincipalSID": "S-1-5-21-973666939-246349160-710258512-512",
   "PrincipalType": "Group"
  },
  {
   "RightName": "WriteOwner",
   "IsInherited": false,
   "PrincipalSID": "S-1-5-21-973666939-246349160-710258512-519",
   "PrincipalType": "Group"
  },
  {
   "RightName": "WriteDacl",
   "IsInherited": false,
   "PrincipalSID": "S-1-5-21-973666939-246349160-710258512-519",
   "PrincipalType": "Group"
  },
  {
   "RightName": "WriteOwner",
   "IsInherited": false,
   "PrincipalSID": "ACME.CORP-S-1-5-32-544",
   "PrincipalType": "Group"
  },
  {
   "RightName": "WriteDacl",
   "IsInherited": false,
   "PrincipalSID": "ACME.CORP-S-1-5-32-544",
   "PrincipalType": "Group"
  }
 ],
 "ChildObjects": []
},{
 "ObjectIdentifier": "C16E7318-C206-4269-A690-24CD277E079D",
 "Properties": {
  "domain": "ACME.CORP",
  "name": "RAS AND IAS SERVERS ACCESS CHECK@ACME.CORP",
  "distinguishedname": "CN=RAS AND IAS SERVERS ACCESS CHECK,CN=SYSTEM,DC=ACME,DC=CORP",
  "domainsid": "S-1-5-21-973666939-246349160-710258512",
  "highvalue": false,
  "description": "",
  "whencreated": 1709079058
 },
 "IsDeleted": false,
 "IsACLProtected": false,
 "Aces": [
  {
   "RightName": "Owns",
   "IsInherited": false,
   "PrincipalSID": "S-1-5-21-973666939-246349160-710258512-512",
   "PrincipalType": "Group"
  },
  {
   "RightName": "WriteOwner",
   "IsInherited": false,
   "PrincipalSID": "S-1-5-21-973666939-246349160-710258512-553",
   "PrincipalType": "Group"
  },
  {
   "RightName": "WriteDacl",
   "IsInherited": false,
   "PrincipalSID": "S-1-5-21-973666939-246349160-710258512-553",
   "PrincipalType": "Group"
  },
  {
   "RightName": "GenericAll",
   "IsInherited": true,
   "PrincipalSID": "S-1-5-21-973666939-246349160-710258512-519",
   "PrincipalType": "Group"
  },
  {
   "RightName": "WriteOwner",
   "IsInherited": true,
   "PrincipalSID": "ACME.CORP-S-1-5-32-544",
   "PrincipalType": "Group"
  },
  {
   "RightName": "WriteDacl",
   "IsInherited": true,
   "PrincipalSID": "ACME.CORP-S-1-5-32-544",
   "PrincipalType": "Group"
  }
 ],
 "ChildObjects": []
},{
 "ObjectIdentifier": "E7297091-1570-409F-A497-84F781DC38A1",
 "Properties": {
  "domain": "ACME.CORP",
  "name": "POLICIES@ACME.CORP",
  "distinguishedname": "CN=POLICIES,CN=SYSTEM,DC=ACME,DC=CORP",
  "domainsid": "S-1-5-21-973666939-246349160-710258512",
  "highvalue": false,
  "description": "",
  "whencreated": 1709079057
 },
 "IsDeleted": false,
 "IsACLProtected": false,
 "Aces": [
  {
   "RightName": "Owns",
   "IsInherited": false,
   "PrincipalSID": "S-1-5-21-973666939-246349160-710258512-512",
   "PrincipalType": "Group"
  },
  {
   "RightName": "WriteOwner",
   "IsInherited": false,
   "PrincipalSID": "S-1-5-21-973666939-246349160-710258512-512",
   "PrincipalType": "Group"
  },
  {
   "RightName": "WriteDacl",
   "IsInherited": false,
   "PrincipalSID": "S-1-5-21-973666939-246349160-710258512-512",
   "PrincipalType": "Group"
  },
  {
   "RightName": "GenericAll",
   "IsInherited": true,
   "PrincipalSID": "S-1-5-21-973666939-246349160-710258512-519",
   "PrincipalType": "Group"
  },
  {
   "RightName": "WriteOwner",
   "IsInherited": true,
   "PrincipalSID": "ACME.CORP-S-1-5-32-544",
   "PrincipalType": "Group"
  },
  {
   "RightName": "WriteDacl",
   "IsInherited": true,
   "PrincipalSID": "ACME.CORP-S-1-5-32-544",
   "PrincipalType": "Group"
  }
 ],
 "ChildObjects": []
},{
 "ObjectIdentifier": "C7F9C59F-A52D-4F5E-992C-5189F25F0619",
 "Properties": {
  "domain": "ACME.CORP",
  "name": "MEETINGS@ACME.CORP",
  "distinguishedname": "CN=MEETINGS,CN=SYSTEM,DC=ACME,DC=CORP",
  "domainsid": "S-1-5-21-973666939-246349160-710258512",
  "highvalue": false,
  "description": "",
  "whencreated": 1709079057
 },
 "IsDeleted": false,
 "IsACLProtected": false,
 "Aces": [
  {
   "RightName": "Owns",
   "IsInherited": false,
   "PrincipalSID": "S-1-5-21-973666939-246349160-710258512-512",
   "PrincipalType": "Group"
  },
  {
   "RightName": "WriteOwner",
   "IsInherited": false,
   "PrincipalSID": "S-1-5-21-973666939-246349160-710258512-512",
   "PrincipalType": "Group"
  },
  {
   "RightName": "WriteDacl",
   "IsInherited": false,
   "PrincipalSID": "S-1-5-21-973666939-246349160-710258512-512",
   "PrincipalType": "Group"
  },
  {
   "RightName": "GenericAll",
   "IsInherited": true,
   "PrincipalSID": "S-1-5-21-973666939-246349160-710258512-519",
   "PrincipalType": "Group"
  },
  {
   "RightName": "WriteOwner",
   "IsInherited": true,
   "PrincipalSID": "ACME.CORP-S-1-5-32-544",
   "PrincipalType": "Group"
  },
  {
   "RightName": "WriteDacl",
   "IsInherited": true,
   "PrincipalSID": "ACME.CORP-S-1-5-32-544",
   "PrincipalType": "Group"
  }
 ],
 "ChildObjects": []
},{
 "ObjectIdentifier": "30F0AE82-B071-4C7C-8150-907E22637423",
 "Properties": {
  "domain": "ACME.CORP",
  "name": "WINSOCKSERVICES@ACME.CORP",
  "distinguishedname": "CN=WINSOCKSERVICES,CN=SYSTEM,DC=ACME,DC=CORP",
  "domainsid": "S-1-5-21-973666939-246349160-710258512",
  "highvalue": false,
  "description": "",
  "whencreated": 1709079057
 },
 "IsDeleted": false,
 "IsACLProtected": false,
 "Aces": [
  {
   "RightName": "Owns",
   "IsInherited": false,
   "PrincipalSID": "S-1-5-21-973666939-246349160-710258512-512",
   "PrincipalType": "Group"
  },
  {
   "RightName": "WriteOwner",
   "IsInherited": false,
   "PrincipalSID": "S-1-5-21-973666939-246349160-710258512-512",
   "PrincipalType": "Group"
  },
  {
   "RightName": "WriteDacl",
   "IsInherited": false,
   "PrincipalSID": "S-1-5-21-973666939-246349160-710258512-512",
   "PrincipalType": "Group"
  },
  {
   "RightName": "GenericAll",
   "IsInherited": true,
   "PrincipalSID": "S-1-5-21-973666939-246349160-710258512-519",
   "PrincipalType": "Group"
  },
  {
   "RightName": "WriteOwner",
   "IsInherited": true,
   "PrincipalSID": "ACME.CORP-S-1-5-32-544",
   "PrincipalType": "Group"
  },
  {
   "RightName": "WriteDacl",
   "IsInherited": true,
   "PrincipalSID": "ACME.CORP-S-1-5-32-544",
   "PrincipalType": "Group"
  }
 ],
 "ChildObjects": []
},{
 "ObjectIdentifier": "B65E7EE3-00FF-4F9C-8395-8E6F22C0B744",
 "Properties": {
  "domain": "ACME.CORP",
  "name": "MANAGED SERVICE ACCOUNTS@ACME.CORP",
  "distinguishedname": "CN=MANAGED SERVICE ACCOUNTS,DC=ACME,DC=CORP",
  "domainsid": "S-1-5-21-973666939-246349160-710258512",
  "highvalue": false,
  "description": "Default container for managed service accounts",
  "whencreated": 1709079058
 },
 "IsDeleted": false,
 "IsACLProtected": false,
 "Aces": [
  {
   "RightName": "Owns",
   "IsInherited": false,
   "PrincipalSID": "S-1-5-21-973666939-246349160-710258512-512",
   "PrincipalType": "Group"
  },
  {
   "RightName": "WriteOwner",
   "IsInherited": false,
   "PrincipalSID": "S-1-5-21-973666939-246349160-710258512-512",
   "PrincipalType": "Group"
  },
  {
   "RightName": "WriteDacl",
   "IsInherited": false,
   "PrincipalSID": "S-1-5-21-973666939-246349160-710258512-512",
   "PrincipalType": "Group"
  },
  {
   "RightName": "GenericAll",
   "IsInherited": true,
   "PrincipalSID": "S-1-5-21-973666939-246349160-710258512-519",
   "PrincipalType": "Group"
  },
  {
   "RightName": "WriteOwner",
   "IsInherited": true,
   "PrincipalSID": "ACME.CORP-S-1-5-32-544",
   "PrincipalType": "Group"
  },
  {
   "RightName": "WriteDacl",
   "IsInherited": true,
   "PrincipalSID": "ACME.CORP-S-1-5-32-544",
   "PrincipalType": "Group"
  }
 ],
 "ChildObjects": [
  {
   "ObjectIdentifier": "S-1-5-21-973666939-246349160-710258512-1212",
   "ObjectType": "User"
  },
  {
   "ObjectIdentifier": "S-1-5-21-973666939-246349160-710258512-1213",
   "ObjectType": "User"
  },
  {
   "ObjectIdentifier": "S-1-5-21-973666939-246349160-710258512-1214",
   "ObjectType": "User"
  }
 ]
},{
 "ObjectIdentifier": "7B29947C-4245-4126-AF31-AF58F9275147",
 "Properties": {
  "domain": "ACME.CORP",
  "name": "MICROSOFT@ACME.CORP",
  "distinguishedname": "CN=MICROSOFT,CN=PROGRAM DATA,DC=ACME,DC=CORP",
  "domainsid": "S-1-5-21-973666939-246349160-710258512",
  "highvalue": false,
  "description": "Default location for storage of Microsoft application data.",
  "whencreated": 1709079058
 },
 "IsDeleted": false,
 "IsACLProtected": false,
 "Aces": [
  {
   "RightName": "Owns",
   "IsInherited": false,
   "PrincipalSID": "S-1-5-21-973666939-246349160-710258512-512",
   "PrincipalType": "Group"
  },
  {
   "RightName": "GenericAll",
   "IsInherited": false,
   "PrincipalSID": "S-1-5-21-973666939-246349160-710258512-512",
   "PrincipalType": "Group"
  },
  {
   "RightName": "GenericAll",
   "IsInherited": true,
   "PrincipalSID": "S-1-5-21-973666939-246349160-710258512-519",
   "PrincipalType": "Group"
  },
  {
   "RightName": "WriteOwner",
   "IsInherited": true,
   "PrincipalSID": "ACME.CORP-S-1-5-32-544",
   "PrincipalType": "Group"
  },
  {
   "RightName": "WriteDacl",
   "IsInherited": true,
   "PrincipalSID": "ACME.CORP-S-1-5-32-544",
   "PrincipalType": "Group"
  }
 ],
 "ChildObjects": []
},{
 "ObjectIdentifier": "429AC435-D206-4254-B783-FCEBF98E3F23",
 "Properties": {
  "domain": "ACME.CORP",
  "name": "PROGRAM DATA@ACME.CORP",
  "distinguishedname": "CN=PROGRAM DATA,DC=ACME,DC=CORP",
  "domainsid": "S-1-5-21-973666939-246349160-710258512",
  "highvalue": false,
  "description": "Default location for storage of application data.",
  "whencreated": 1709079058
 },
 "IsDeleted": false,
 "IsACLProtected": false,
 "Aces": [
  {
   "RightName": "Owns",
   "IsInherited": false,
   "PrincipalSID": "S-1-5-21-973666939-246349160-710258512-512",
   "PrincipalType": "Group"
  },
  {
   "RightName": "GenericAll",
   "IsInherited": false,
   "PrincipalSID": "S-1-5-21-973666939-246349160-710258512-512",
   "PrincipalType": "Group"
  },
  {
   "RightName": "GenericAll",
   "IsInherited": true,
   "PrincipalSID": "S-1-5-21-973666939-246349160-710258512-519",
   "PrincipalType": "Group"
  },
  {
   "RightName": "WriteOwner",
   "IsInherited": true,
   "PrincipalSID": "ACME.CORP-S-1-5-32-544",
   "PrincipalType": "Group"
  },
  {
   "RightName": "WriteDacl",
   "IsInherited": true,
   "PrincipalSID": "ACME.CORP-S-1-5-32-544",
   "PrincipalType": "Group"
  }
 ],
 "ChildObjects": []
},{
 "ObjectIdentifier": "D93A9AAD-5B52-47CD-88DC-6D67E84DDF81",
 "Properties": {
  "domain": "ACME.CORP",
  "name": "FOREIGNSECURITYPRINCIPALS@ACME.CORP",
  "distinguishedname": "CN=FOREIGNSECURITYPRINCIPALS,DC=ACME,DC=CORP",
  "domainsid": "S-1-5-21-973666939-246349160-710258512",
  "highvalue": false,
  "description": "Default container for security identifiers (SIDs) associated with objects from external, trusted domains",
  "whencreated": 1709079058
 },
 "IsDeleted": false,
 "IsACLProtected": false,
 "Aces": [
  {
   "RightName": "Owns",
   "IsInherited": false,
   "PrincipalSID": "S-1-5-21-973666939-246349160-710258512-512",
   "PrincipalType": "Group"
  },
  {
   "RightName": "GenericAll",
   "IsInherited": false,
   "PrincipalSID": "S-1-5-21-973666939-246349160-710258512-512",
   "PrincipalType": "Group"
  },
  {
   "RightName": "GenericAll",
   "IsInherited": true,
   "PrincipalSID": "S-1-5-21-973666939-246349160-710258512-519",
   "PrincipalType": "Group"
  },
  {
   "RightName": "WriteOwner",
   "IsInherited": true,
   "PrincipalSID": "ACME.CORP-S-1-5-32-544",
   "PrincipalType": "Group"
  },
  {
   "RightName": "WriteDacl",
   "IsInherited": true,
   "PrincipalSID": "ACME.CORP-S-1-5-32-544",
   "PrincipalType": "Group"
  }
 ],
 "ChildObjects": []
},{
 "ObjectIdentifier": "38B82171-3BC3-424E-A6DD-A5D78E63E7EC",
 "Properties": {
  "domain": "ACME.CORP",
  "name": "SYSTEM@ACME.CORP",
  "distinguishedname": "CN=SYSTEM,DC=ACME,DC=CORP",
  "domainsid": "S-1-5-21-973666939-246349160-710258512",
  "highvalue": false,
  "description": "Builtin system settings",
  "whencreated": 1709079057
 },
 "IsDeleted": false,
 "IsACLProtected": false,
 "Aces": [
  {
   "RightName": "Owns",
   "IsInherited": false,
   "PrincipalSID": "S-1-5-21-973666939-246349160-710258512-512",
   "PrincipalType": "Group"
  },
  {
   "RightName": "WriteOwner",
   "IsInherited": false,
   "PrincipalSID": "S-1-5-21-973666939-246349160-710258512-512",
   "PrincipalType": "Group"
  },
  {
   "RightName": "WriteDacl",
   "IsInherited": false,
   "PrincipalSID": "S-1-5-21-973666939-246349160-710258512-512",
   "PrincipalType": "Group"
  },
  {
   "RightName": "GenericAll",
   "IsInherited": true,
   "PrincipalSID": "S-1-5-21-973666939-246349160-710258512-519",
   "PrincipalType": "Group"
  },
  {
   "RightName": "WriteOwner",
   "IsInherited": true,
   "PrincipalSID": "ACME.CORP-S-1-5-32-544",
   "PrincipalType": "Group"
  },
  {
   "RightName": "WriteDacl",
   "IsInherited": true,
   "PrincipalSID": "ACME.CORP-S-1-5-32-544",
   "PrincipalType": "Group"
  }
 ],
 "ChildObjects": []
},{
 "ObjectIdentifier": "2C0CC026-0B65-49D8-97B4-22AE87F70A71",
 "Properties": {
  "domain": "ACME.CORP",
  "name": "COMPUTERS@ACME.CORP",
  "distinguishedname": "CN=COMPUTERS,DC=ACME,DC=CORP",
  "domainsid": "S-1-5-21-973666939-246349160-710258512",
  "highvalue": false,
  "description": "Default container for upgraded computer accounts",
  "whencreated": 1709079057
 },
 "IsDeleted": false,
 "IsACLProtected": false,
 "Aces": [
  {
   "RightName": "Owns",
   "IsInherited": false,
   "PrincipalSID": "S-1-5-21-973666939-246349160-710258512-512",
   "PrincipalType": "Group"
  },
  {
   "RightName": "WriteOwner",
   "IsInherited": false,
   "PrincipalSID": "S-1-5-21-973666939-246349160-710258512-512",
   "PrincipalType": "Group"
  },
  {
   "RightName": "WriteDacl",
   "IsInherited": false,
   "PrincipalSID": "S-1-5-21-973666939-246349160-710258512-512",
   "PrincipalType": "Group"
  },
  {
   "RightName": "GenericAll",
   "IsInherited": true,
   "PrincipalSID": "S-1-5-21-973666939-246349160-710258512-519",
   "PrincipalType": "Group"
  },
  {
   "RightName": "WriteOwner",
   "IsInherited": true,
   "PrincipalSID": "ACME.CORP-S-1-5-32-544",
   "PrincipalType": "Group"
  },
  {
   "RightName": "WriteDacl",
   "IsInherited": true,
   "PrincipalSID": "ACME.CORP-S-1-5-32-544",
   "PrincipalType": "Group"
  }
 ],
 "ChildObjects": []
},{
 "ObjectIdentifier": "ED17B81C-162F-40B3-9B4D-8A5E04E975EC",
 "Properties": {
  "domain": "ACME.CORP",
  "name": "USERS@ACME.CORP",
  "distinguishedname": "CN=USERS,DC=ACME,DC=CORP",
  "domainsid": "S-1-5-21-973666939-246349160-710258512",
  "highvalue": false,
  "description": "Default container for upgraded user accounts",
  "whencreated": 1709079057
 },
 "IsDeleted": false,
 "IsACLProtected": false,
 "Aces": [
  {
   "RightName": "Owns",
   "IsInherited": false,
   "PrincipalSID": "S-1-5-21-973666939-246349160-710258512-512",
   "PrincipalType": "Group"
  },
  {
   "RightName": "WriteOwner",
   "IsInherited": false,
   "PrincipalSID": "S-1-5-21-973666939-246349160-710258512-512",
   "PrincipalType": "Group"
  },
  {
   "RightName": "WriteDacl",
   "IsInherited": false,
   "PrincipalSID": "S-1-5-21-973666939-246349160-710258512-512",
   "PrincipalType": "Group"
  },
  {
   "RightName": "GenericAll",
   "IsInherited": true,
   "PrincipalSID": "S-1-5-21-973666939-246349160-710258512-519",
   "PrincipalType": "Group"
  },
  {
   "RightName": "WriteOwner",
   "IsInherited": true,
   "PrincipalSID": "ACME.CORP-S-1-5-32-544",
   "PrincipalType": "Group"
  },
  {
   "RightName": "WriteDacl",
   "IsInherited": true,
   "PrincipalSID": "ACME.CORP-S-1-5-32-544",
   "PrincipalType": "Group"
  }
 ],
 "ChildObjects": [
  {
   "ObjectIdentifier": "S-1-5-21-973666939-246349160-710258512-1000",
   "ObjectType": "Group"
  },
  {
   "ObjectIdentifier": "S-1-5-21-973666939-246349160-710258512-1219",
   "ObjectType": "User"
  },
  {
   "ObjectIdentifier": "S-1-5-21-973666939-246349160-710258512-1217",
   "ObjectType": "Group"
  },
  {
   "ObjectIdentifier": "S-1-5-21-973666939-246349160-710258512-1224",
   "ObjectType": "User"
  },
  {
   "ObjectIdentifier": "S-1-5-21-973666939-246349160-710258512-1161",
   "ObjectType": "User"
  },
  {
   "ObjectIdentifier": "S-1-5-21-973666939-246349160-710258512-1156",
   "ObjectType": "User"
  },
  {
   "ObjectIdentifier": "S-1-5-21-973666939-246349160-710258512-1207",
   "ObjectType": "Group"
  },
  {
   "ObjectIdentifier": "S-1-5-21-973666939-246349160-710258512-518",
   "ObjectType": "Group"
  },
  {
   "ObjectIdentifier": "S-1-5-21-973666939-246349160-710258512-1210",
   "ObjectType": "Group"
  },
  {
   "ObjectIdentifier": "S-1-5-21-973666939-246349160-710258512-1116",
   "ObjectType": "User"
  },
  {
   "ObjectIdentifier": "S-1-5-21-973666939-246349160-710258512-1148",
   "ObjectType": "User"
  },
  {
   "ObjectIdentifier": "S-1-5-21-973666939-246349160-710258512-521",
   "ObjectType": "Group"
  },
  {
   "ObjectIdentifier": "S-1-5-21-973666939-246349160-710258512-553",
   "ObjectType": "Group"
  },
  {
   "ObjectIdentifier": "S-1-5-21-973666939-246349160-710258512-525",
   "ObjectType": "Group"
  },
  {
   "ObjectIdentifier": "S-1-5-21-973666939-246349160-710258512-1208",
   "ObjectType": "Group"
  },
  {
   "ObjectIdentifier": "S-1-5-21-973666939-246349160-710258512-1131",
   "ObjectType": "User"
  },
  {
   "ObjectIdentifier": "S-1-5-21-973666939-246349160-710258512-1204",
   "ObjectType": "Group"
  },
  {
   "ObjectIdentifier": "S-1-5-21-973666939-246349160-710258512-1197",
   "ObjectType": "User"
  },
  {
   "ObjectIdentifier": "S-1-5-21-973666939-246349160-710258512-1191",
   "ObjectType": "User"
  },
  {
   "ObjectIdentifier": "S-1-5-21-973666939-246349160-710258512-1165",
   "ObjectType": "User"
  },
  {
   "ObjectIdentifier": "S-1-5-21-973666939-246349160-710258512-1180",
   "ObjectType": "User"
  },
  {
   "ObjectIdentifier": "S-1-5-21-973666939-246349160-710258512-1110",
   "ObjectType": "User"
  },
  {
   "ObjectIdentifier": "S-1-5-21-973666939-246349160-710258512-1118",
   "ObjectType": "User"
  },
  {
   "ObjectIdentifier": "S-1-5-21-973666939-246349160-710258512-1122",
   "ObjectType": "User"
  },
  {
   "ObjectIdentifier": "S-1-5-21-973666939-246349160-710258512-1164",
   "ObjectType": "User"
  },
  {
   "ObjectIdentifier": "S-1-5-21-973666939-246349160-710258512-1188",
   "ObjectType": "User"
  },
  {
   "ObjectIdentifier": "S-1-5-21-973666939-246349160-710258512-1209",
   "ObjectType": "Group"
  },
  {
   "ObjectIdentifier": "S-1-5-21-973666939-246349160-710258512-1112",
   "ObjectType": "User"
  },
  {
   "ObjectIdentifier": "S-1-5-21-973666939-246349160-710258512-1199",
   "ObjectType": "User"
  },
  {
   "ObjectIdentifier": "S-1-5-21-973666939-246349160-710258512-1154",
   "ObjectType": "User"
  },
  {
   "ObjectIdentifier": "S-1-5-21-973666939-246349160-710258512-1177",
   "ObjectType": "User"
  },
  {
   "ObjectIdentifier": "S-1-5-21-973666939-246349160-710258512-1158",
   "ObjectType": "User"
  },
  {
   "ObjectIdentifier": "S-1-5-21-973666939-246349160-710258512-1167",
   "ObjectType": "User"
  },
  {
   "ObjectIdentifier": "S-1-5-21-973666939-246349160-710258512-1179",
   "ObjectType": "User"
  },
  {
   "ObjectIdentifier": "S-1-5-21-973666939-246349160-710258512-1147",
   "ObjectType": "User"
  },
  {
   "ObjectIdentifier": "S-1-5-21-973666939-246349160-710258512-1152",
   "ObjectType": "User"
  },
  {
   "ObjectIdentifier": "S-1-5-21-973666939-246349160-710258512-1185",
   "ObjectType": "User"
  },
  {
   "ObjectIdentifier": "S-1-5-21-973666939-246349160-710258512-1134",
   "ObjectType": "User"
  },
  {
   "ObjectIdentifier": "S-1-5-21-973666939-246349160-710258512-1109",
   "ObjectType": "User"
  },
  {
   "ObjectIdentifier": "S-1-5-21-973666939-246349160-710258512-1202",
   "ObjectType": "User"
  },
  {
   "ObjectIdentifier": "S-1-5-21-973666939-246349160-710258512-1108",
   "ObjectType": "User"
  },
  {
   "ObjectIdentifier": "S-1-5-21-973666939-246349160-710258512-1119",
   "ObjectType": "User"
  },
  {
   "ObjectIdentifier": "S-1-5-21-973666939-246349160-710258512-1175",
   "ObjectType": "User"
  },
  {
   "ObjectIdentifier": "S-1-5-21-973666939-246349160-710258512-1150",
   "ObjectType": "User"
  },
  {
   "ObjectIdentifier": "S-1-5-21-973666939-246349160-710258512-1218",
   "ObjectType": "User"
  },
  {
   "ObjectIdentifier": "S-1-5-21-973666939-246349160-710258512-1120",
   "ObjectType": "User"
  },
  {
   "ObjectIdentifier": "S-1-5-21-973666939-246349160-710258512-1138",
   "ObjectType": "User"
  },
  {
   "ObjectIdentifier": "S-1-5-21-973666939-246349160-710258512-1143",
   "ObjectType": "User"
  },
  {
   "ObjectIdentifier": "S-1-5-21-973666939-246349160-710258512-1153",
   "ObjectType": "User"
  },
  {
   "ObjectIdentifier": "S-1-5-21-973666939-246349160-710258512-1159",
   "ObjectType": "User"
  },
  {
   "ObjectIdentifier": "S-1-5-21-973666939-246349160-710258512-1221",
   "ObjectType": "User"
  },
  {
   "ObjectIdentifier": "S-1-5-21-973666939-246349160-710258512-502",
   "ObjectType": "User"
  },
  {
   "ObjectIdentifier": "S-1-5-21-973666939-246349160-710258512-1170",
   "ObjectType": "User"
  },
  {
   "ObjectIdentifier": "S-1-5-21-973666939-246349160-710258512-1129",
   "ObjectType": "User"
  },
  {
   "ObjectIdentifier": "S-1-5-21-973666939-246349160-710258512-1181",
   "ObjectType": "User"
  },
  {
   "ObjectIdentifier": "S-1-5-21-973666939-246349160-710258512-1144",
   "ObjectType": "User"
  },
  {
   "ObjectIdentifier": "S-1-5-21-973666939-246349160-710258512-1201",
   "ObjectType": "User"
  },
  {
   "ObjectIdentifier": "S-1-5-21-973666939-246349160-710258512-1133",
   "ObjectType": "User"
  },
  {
   "ObjectIdentifier": "S-1-5-21-973666939-246349160-710258512-1200",
   "ObjectType": "User"
  },
  {
   "ObjectIdentifier": "S-1-5-21-973666939-246349160-710258512-1151",
   "ObjectType": "User"
  },
  {
   "ObjectIdentifier": "S-1-5-21-973666939-246349160-710258512-1183",
   "ObjectType": "User"
  },
  {
   "ObjectIdentifier": "S-1-5-21-973666939-246349160-710258512-1172",
   "ObjectType": "User"
  },
  {
   "ObjectIdentifier": "S-1-5-21-973666939-246349160-710258512-1195",
   "ObjectType": "User"
  },
  {
   "ObjectIdentifier": "S-1-5-21-973666939-246349160-710258512-1157",
   "ObjectType": "User"
  },
  {
   "ObjectIdentifier": "S-1-5-21-973666939-246349160-710258512-1149",
   "ObjectType": "User"
  },
  {
   "ObjectIdentifier": "S-1-5-21-973666939-246349160-710258512-1194",
   "ObjectType": "User"
  },
  {
   "ObjectIdentifier": "S-1-5-21-973666939-246349160-710258512-1105",
   "ObjectType": "User"
  },
  {
   "ObjectIdentifier": "S-1-5-21-973666939-246349160-710258512-1171",
   "ObjectType": "User"
  },
  {
   "ObjectIdentifier": "S-1-5-21-973666939-246349160-710258512-1205",
   "ObjectType": "Group"
  },
  {
   "ObjectIdentifier": "S-1-5-21-973666939-246349160-710258512-1184",
   "ObjectType": "User"
  },
  {
   "ObjectIdentifier": "S-1-5-21-973666939-246349160-710258512-1186",
   "ObjectType": "User"
  },
  {
   "ObjectIdentifier": "S-1-5-21-973666939-246349160-710258512-1107",
   "ObjectType": "User"
  },
  {
   "ObjectIdentifier": "S-1-5-21-973666939-246349160-710258512-1192",
   "ObjectType": "User"
  },
  {
   "ObjectIdentifier": "S-1-5-21-973666939-246349160-710258512-501",
   "ObjectType": "User"
  },
  {
   "ObjectIdentifier": "S-1-5-21-973666939-246349160-710258512-520",
   "ObjectType": "Group"
  },
  {
   "ObjectIdentifier": "S-1-5-21-973666939-246349160-710258512-1121",
   "ObjectType": "User"
  },
  {
   "ObjectIdentifier": "S-1-5-21-973666939-246349160-710258512-1114",
   "ObjectType": "User"
  },
  {
   "ObjectIdentifier": "S-1-5-21-973666939-246349160-710258512-1146",
   "ObjectType": "User"
  },
  {
   "ObjectIdentifier": "S-1-5-21-973666939-246349160-710258512-1206",
   "ObjectType": "Group"
  },
  {
   "ObjectIdentifier": "S-1-5-21-973666939-246349160-710258512-1220",
   "ObjectType": "User"
  },
  {
   "ObjectIdentifier": "S-1-5-21-973666939-246349160-710258512-1124",
   "ObjectType": "User"
  },
  {
   "ObjectIdentifier": "S-1-5-21-973666939-246349160-710258512-1196",
   "ObjectType": "User"
  },
  {
   "ObjectIdentifier": "S-1-5-21-973666939-246349160-710258512-1111",
   "ObjectType": "User"
  },
  {
   "ObjectIdentifier": "S-1-5-21-973666939-246349160-710258512-1142",
   "ObjectType": "User"
  },
  {
   "ObjectIdentifier": "S-1-5-21-973666939-246349160-710258512-1140",
   "ObjectType": "User"
  },
  {
   "ObjectIdentifier": "S-1-5-21-973666939-246349160-710258512-498",
   "ObjectType": "Group"
  },
  {
   "ObjectIdentifier": "S-1-5-21-973666939-246349160-710258512-519",
   "ObjectType": "Group"
  },
  {
   "ObjectIdentifier": "S-1-5-21-973666939-246349160-710258512-1174",
   "ObjectType": "User"
  },
  {
   "ObjectIdentifier": "S-1-5-21-973666939-246349160-710258512-1203",
   "ObjectType": "User"
  },
  {
   "ObjectIdentifier": "S-1-5-21-973666939-246349160-710258512-1198",
   "ObjectType": "User"
  },
  {
   "ObjectIdentifier": "S-1-5-21-973666939-246349160-710258512-1130",
   "ObjectType": "User"
  },
  {
   "ObjectIdentifier": "S-1-5-21-973666939-246349160-710258512-1128",
   "ObjectType": "User"
  },
  {
   "ObjectIdentifier": "S-1-5-21-973666939-246349160-710258512-1169",
   "ObjectType": "User"
  },
  {
   "ObjectIdentifier": "S-1-5-21-973666939-246349160-710258512-513",
   "ObjectType": "Group"
  },
  {
   "ObjectIdentifier": "S-1-5-21-973666939-246349160-710258512-514",
   "ObjectType": "Group"
  },
  {
   "ObjectIdentifier": "S-1-5-21-973666939-246349160-710258512-516",
   "ObjectType": "Group"
  },
  {
   "ObjectIdentifier": "S-1-5-21-973666939-246349160-710258512-515",
   "ObjectType": "Group"
  },
  {
   "ObjectIdentifier": "S-1-5-21-973666939-246349160-710258512-512",
   "ObjectType": "Group"
  },
  {
   "ObjectIdentifier": "S-1-5-21-973666939-246349160-710258512-1103",
   "ObjectType": "Group"
  },
  {
   "ObjectIdentifier": "S-1-5-21-973666939-246349160-710258512-1102",
   "ObjectType": "Group"
  },
  {
   "ObjectIdentifier": "S-1-5-21-973666939-246349160-710258512-572",
   "ObjectType": "Group"
  },
  {
   "ObjectIdentifier": "S-1-5-21-973666939-246349160-710258512-1106",
   "ObjectType": "User"
  },
  {
   "ObjectIdentifier": "S-1-5-21-973666939-246349160-710258512-1127",
   "ObjectType": "User"
  },
  {
   "ObjectIdentifier": "S-1-5-21-973666939-246349160-710258512-1222",
   "ObjectType": "User"
  },
  {
   "ObjectIdentifier": "S-1-5-21-973666939-246349160-710258512-1123",
   "ObjectType": "User"
  },
  {
   "ObjectIdentifier": "S-1-5-21-973666939-246349160-710258512-1141",
   "ObjectType": "User"
  },
  {
   "ObjectIdentifier": "S-1-5-21-973666939-246349160-710258512-1160",
   "ObjectType": "User"
  },
  {
   "ObjectIdentifier": "S-1-5-21-973666939-246349160-710258512-1125",
   "ObjectType": "User"
  },
  {
   "ObjectIdentifier": "S-1-5-21-973666939-246349160-710258512-522",
   "ObjectType": "Group"
  },
  {
   "ObjectIdentifier": "S-1-5-21-973666939-246349160-710258512-1132",
   "ObjectType": "User"
  },
  {
   "ObjectIdentifier": "S-1-5-21-973666939-246349160-710258512-1190",
   "ObjectType": "User"
  },
  {
   "ObjectIdentifier": "S-1-5-21-973666939-246349160-710258512-1173",
   "ObjectType": "User"
  },
  {
   "ObjectIdentifier": "S-1-5-21-973666939-246349160-710258512-1104",
   "ObjectType": "User"
  },
  {
   "ObjectIdentifier": "S-1-5-21-973666939-246349160-710258512-1162",
   "ObjectType": "User"
  },
  {
   "ObjectIdentifier": "S-1-5-21-973666939-246349160-710258512-517",
   "ObjectType": "Group"
  },
  {
   "ObjectIdentifier": "S-1-5-21-973666939-246349160-710258512-1193",
   "ObjectType": "User"
  },
  {
   "ObjectIdentifier": "S-1-5-21-973666939-246349160-710258512-1182",
   "ObjectType": "User"
  },
  {
   "ObjectIdentifier": "S-1-5-21-973666939-246349160-710258512-1178",
   "ObjectType": "User"
  },
  {
   "ObjectIdentifier": "S-1-5-21-973666939-246349160-710258512-1225",
   "ObjectType": "User"
  },
  {
   "ObjectIdentifier": "S-1-5-21-973666939-246349160-710258512-1139",
   "ObjectType": "User"
  },
  {
   "ObjectIdentifier": "S-1-5-21-973666939-246349160-710258512-1137",
   "ObjectType": "User"
  },
  {
   "ObjectIdentifier": "S-1-5-21-973666939-246349160-710258512-1155",
   "ObjectType": "User"
  },
  {
   "ObjectIdentifier": "S-1-5-21-973666939-246349160-710258512-1136",
   "ObjectType": "User"
  },
  {
   "ObjectIdentifier": "S-1-5-21-973666939-246349160-710258512-1115",
   "ObjectType": "User"
  },
  {
   "ObjectIdentifier": "S-1-5-21-973666939-246349160-710258512-1126",
   "ObjectType": "User"
  },
  {
   "ObjectIdentifier": "S-1-5-21-973666939-246349160-710258512-1117",
   "ObjectType": "User"
  },
  {
   "ObjectIdentifier": "S-1-5-21-973666939-246349160-710258512-1168",
   "ObjectType": "User"
  },
  {
   "ObjectIdentifier": "S-1-5-21-973666939-246349160-710258512-1163",
   "ObjectType": "User"
  },
  {
   "ObjectIdentifier": "S-1-5-21-973666939-246349160-710258512-1176",
   "ObjectType": "User"
  },
  {
   "ObjectIdentifier": "S-1-5-21-973666939-246349160-710258512-1166",
   "ObjectType": "User"
  },
  {
   "ObjectIdentifier": "S-1-5-21-973666939-246349160-710258512-1135",
   "ObjectType": "User"
  },
  {
   "ObjectIdentifier": "S-1-5-21-973666939-246349160-710258512-1145",
   "ObjectType": "User"
  },
  {
   "ObjectIdentifier": "S-1-5-21-973666939-246349160-710258512-1113",
   "ObjectType": "User"
  },
  {
   "ObjectIdentifier": "S-1-5-21-973666939-246349160-710258512-571",
   "ObjectType": "Group"
  },
  {
   "ObjectIdentifier": "S-1-5-21-973666939-246349160-710258512-1189",
   "ObjectType": "User"
  },
  {
   "ObjectIdentifier": "S-1-5-21-973666939-246349160-710258512-1187",
   "ObjectType": "User"
  },
  {
   "ObjectIdentifier": "S-1-5-21-973666939-246349160-710258512-500",
   "ObjectType": "User"
  },
  {
   "ObjectIdentifier": "S-1-5-21-973666939-246349160-710258512-1227",
   "ObjectType": "User"
  },
  {
   "ObjectIdentifier": "S-1-5-21-973666939-246349160-710258512-1211",
   "ObjectType": "Group"
  }
 ]
}],"meta":{"methods":0,"type":"containers","count":20, "version":5}}