{"data":[{
 "ObjectIdentifier": "S-1-5-21-973666939-246349160-710258512-1215",
 "AllowedToAct": [],
 "PrimaryGroupSID": "S-1-5-21-973666939-246349160-710258512-515",
 "LocalAdmins": {
  "Collected": true,
  "FailureReason": null,
  "Results": [
   {
    "ObjectIdentifier": "S-1-5-21-973666939-246349160-710258512-512",
    "ObjectType": "Group"
   }
  ]
 },
 "PSRemoteUsers": {
  "Collected": true,
  "FailureReason": null,
  "Results": []
 },
 "Properties": {
  "name": "WS01-PC.ACME.CORP",
  "domainsid": "S-1-5-21-973666939-246349160-710258512",
  "domain": "ACME.CORP",
  "distinguishedname": "CN=WS01-PC,OU=OFFICE COMPUTERS,DC=ACME,DC=CORP",
  "unconstraineddelegation": false,
  "enabled": true,
  "trustedtoauth": false,
  "samaccountname": "WS01-PC$",
  "haslaps": false,
  "lastlogon": 1740608991,
  "lastlogontimestamp": 1739975405,
  "pwdlastset": 1739883130,
  "whencreated": 1709081188,
  "serviceprincipalnames": [
   "WSMAN/WS01-PC",
   "WSMAN/WS01-PC.acme.corp",
   "TERMSRV/WS01-PC",
   "TERMSRV/WS01-PC.acme.corp",
   "RestrictedKrbHost/WS01-PC",
   "HOST/WS01-PC",
   "RestrictedKrbHost/WS01-PC.acme.corp",
   "HOST/WS01-PC.acme.corp"
  ],
  "description": null,
  "operatingsystem": "Windows 7 Professional Service Pack 1",
  "operatingsystemname": "Windows 7 Professional",
  "operatingsystemservicepack": "Service Pack 1",
  "operatingsystemversion": "6.1 (7601)",
  "sidhistory": []
 },
 "RemoteDesktopUsers": {
  "Collected": true,
  "FailureReason": null,
  "Results": []
 },
 "DcomUsers": {
  "Collected": true,
  "FailureReason": null,
  "Results": []
 },
 "AllowedToDelegate": [],
 "Sessions": {
  "Collected": true,
  "FailureReason": null,
  "Results": []
 },
 "PrivilegedSessions": {
  "Collected": true,
  "FailureReason": null,
  "Results": []
 },
 "RegistrySessions": {
  "Collected": true,
  "FailureReason": null,
  "Results": []
 },
 "Aces": [
  {
   "RightName": "Owns",
   "IsInherited": false,
   "PrincipalSID": "S-1-5-21-973666939-246349160-710258512-512",
   "PrincipalType": "Group"
  },
  {
   "RightName": "GenericAll",
   "IsInherited": false,
   "PrincipalSID": "S-1-5-21-973666939-246349160-710258512-512",
   "PrincipalType": "Group"
  },
  {
   "RightName": "GenericAll",
   "IsInherited": false,
   "PrincipalSID": "ACME.CORP-S-1-5-32-548",
   "PrincipalType": "Group"
  },
  {
   "RightName": "GenericAll",
   "IsInherited": true,
   "PrincipalSID": "S-1-5-21-973666939-246349160-710258512-519",
   "PrincipalType": "Group"
  },
  {
   "RightName": "GenericWrite",
   "IsInherited": true,
   "PrincipalSID": "ACME.CORP-S-1-5-32-544",
   "PrincipalType": "Group"
  },
  {
   "RightName": "WriteOwner",
   "IsInherited": true,
   "PrincipalSID": "ACME.CORP-S-1-5-32-544",
   "PrincipalType": "Group"
  },
  {
   "RightName": "WriteDacl",
   "IsInherited": true,
   "PrincipalSID": "ACME.CORP-S-1-5-32-544",
   "PrincipalType": "Group"
  }
 ],
 "HasSIDHistory": [],
 "IsDeleted": false,
 "Status": null,
 "IsACLProtected": false
},{
 "ObjectIdentifier": "S-1-5-21-973666939-246349160-710258512-1216",
 "AllowedToAct": [],
 "PrimaryGroupSID": "S-1-5-21-973666939-246349160-710258512-515",
 "LocalAdmins": {
  "Collected": true,
  "FailureReason": null,
  "Results": [
   {
    "ObjectIdentifier": "S-1-5-21-973666939-246349160-710258512-512",
    "ObjectType": "Group"
   },
   {
    "ObjectIdentifier": "S-1-5-21-973666939-246349160-710258512-500",
    "ObjectType": "User"
   },
   {
    "ObjectIdentifier": "S-1-5-21-973666939-246349160-710258512-1191",
    "ObjectType": "User"
   }
  ]
 },
 "PSRemoteUsers": {
  "Collected": true,
  "FailureReason": null,
  "Results": [
   {
    "ObjectIdentifier": "S-1-5-21-973666939-246349160-710258512-1191",
    "ObjectType": "User"
   }
  ]
 },
 "Properties": {
  "name": "WS02.ACME.CORP",
  "domainsid": "S-1-5-21-973666939-246349160-710258512",
  "domain": "ACME.CORP",
  "distinguishedname": "CN=WS02,OU=OFFICE COMPUTERS,DC=ACME,DC=CORP",
  "unconstraineddelegation": false,
  "enabled": true,
  "trustedtoauth": false,
  "samaccountname": "WS02$",
  "haslaps": false,
  "lastlogon": 1740583681,
  "lastlogontimestamp": 1740022020,
  "pwdlastset": 1739877533,
  "whencreated": 1709083617,
  "serviceprincipalnames": [
   "WSMAN/WS02",
   "WSMAN/WS02.acme.corp",
   "TERMSRV/WS02",
   "TERMSRV/WS02.acme.corp",
   "RestrictedKrbHost/WS02",
   "HOST/WS02",
   "RestrictedKrbHost/WS02.acme.corp",
   "HOST/WS02.acme.corp"
  ],
  "description": null,
  "operatingsystem": "Windows 10 Pro",
  "operatingsystemname": "Windows 10 Pro",
  "operatingsystemservicepack": null,
  "operatingsystemversion": "10.0 (19045)",
  "sidhistory": []
 },
 "RemoteDesktopUsers": {
  "Collected": true,
  "FailureReason": null,
  "Results": [
   {
    "ObjectIdentifier": "S-1-5-21-973666939-246349160-710258512-1191",
    "ObjectType": "User"
   }
  ]
 },
 "DcomUsers": {
  "Collected": true,
  "FailureReason": null,
  "Results": []
 },
 "AllowedToDelegate": [],
 "Sessions": {
  "Collected": true,
  "FailureReason": null,
  "Results": []
 },
 "PrivilegedSessions": {
  "Collected": true,
  "FailureReason": null,
  "Results": [
   {
    "ComputerSID": "S-1-5-21-973666939-246349160-710258512-1216",
    "UserSID": "S-1-5-21-973666939-246349160-710258512-1191"
   }
  ]
 },
 "RegistrySessions": {
  "Collected": true,
  "FailureReason": null,
  "Results": [
   {
    "ComputerSID": "S-1-5-21-973666939-246349160-710258512-1216",
    "UserSID": "S-1-5-21-973666939-246349160-710258512-1191"
   }
  ]
 },
 "Aces": [
  {
   "RightName": "Owns",
   "IsInherited": false,
   "PrincipalSID": "S-1-5-21-973666939-246349160-710258512-512",
   "PrincipalType": "Group"
  },
  {
   "RightName": "GenericAll",
   "IsInherited": false,
   "PrincipalSID": "S-1-5-21-973666939-246349160-710258512-512",
   "PrincipalType": "Group"
  },
  {
   "RightName": "GenericAll",
   "IsInherited": false,
   "PrincipalSID": "ACME.CORP-S-1-5-32-548",
   "PrincipalType": "Group"
  },
  {
   "RightName": "GenericAll",
   "IsInherited": true,
   "PrincipalSID": "S-1-5-21-973666939-246349160-710258512-519",
   "PrincipalType": "Group"
  },
  {
   "RightName": "GenericWrite",
   "IsInherited": true,
   "PrincipalSID": "ACME.CORP-S-1-5-32-544",
   "PrincipalType": "Group"
  },
  {
   "RightName": "WriteOwner",
   "IsInherited": true,
   "PrincipalSID": "ACME.CORP-S-1-5-32-544",
   "PrincipalType": "Group"
  },
  {
   "RightName": "WriteDacl",
   "IsInherited": true,
   "PrincipalSID": "ACME.CORP-S-1-5-32-544",
   "PrincipalType": "Group"
  }
 ],
 "HasSIDHistory": [],
 "IsDeleted": false,
 "Status": null,
 "IsACLProtected": false
},{
 "ObjectIdentifier": "S-1-5-21-973666939-246349160-710258512-1001",
 "AllowedToAct": [],
 "PrimaryGroupSID": "S-1-5-21-973666939-246349160-710258512-516",
 "LocalAdmins": {
  "Collected": true,
  "FailureReason": null,
  "Results": [
   {
    "ObjectIdentifier": "S-1-5-21-973666939-246349160-710258512-512",
    "ObjectType": "Group"
   },
   {
    "ObjectIdentifier": "S-1-5-21-973666939-246349160-710258512-500",
    "ObjectType": "User"
   },
   {
    "ObjectIdentifier": "S-1-5-21-973666939-246349160-710258512-519",
    "ObjectType": "Group"
   },
   {
    "ObjectIdentifier": "S-1-5-21-973666939-246349160-710258512-1227",
    "ObjectType": "User"
   }
  ]
 },
 "PSRemoteUsers": {
  "Collected": true,
  "FailureReason": null,
  "Results": []
 },
 "Properties": {
  "name": "DC01.ACME.CORP",
  "domainsid": "S-1-5-21-973666939-246349160-710258512",
  "domain": "ACME.CORP",
  "distinguishedname": "CN=DC01,OU=DOMAIN CONTROLLERS,DC=ACME,DC=CORP",
  "unconstraineddelegation": true,
  "enabled": true,
  "trustedtoauth": false,
  "samaccountname": "DC01$",
  "haslaps": false,
  "lastlogon": 1740581873,
  "lastlogontimestamp": 1739948251,
  "pwdlastset": 1739899584,
  "whencreated": 1709079117,
  "serviceprincipalnames": [
   "Dfsr-12F9A27C-BF97-4787-9364-D31B6C55EB04/DC01.acme.corp",
   "ldap/DC01.acme.corp/ForestDnsZones.acme.corp",
   "ldap/DC01.acme.corp/DomainDnsZones.acme.corp",
   "TERMSRV/DC01",
   "TERMSRV/DC01.acme.corp",
   "DNS/DC01.acme.corp",
   "GC/DC01.acme.corp/acme.corp",
   "RestrictedKrbHost/DC01.acme.corp",
   "RestrictedKrbHost/DC01",
   "RPC/b12e63cf-2472-4187-9c80-4db75a5670f0._msdcs.acme.corp",
   "HOST/DC01/acme",
   "HOST/DC01.acme.corp/acme",
   "HOST/DC01",
   "HOST/DC01.acme.corp",
   "HOST/DC01.acme.corp/acme.corp",
   "E3514235-4B06-11D1-AB04-00C04FC2DCD2/b12e63cf-2472-4187-9c80-4db75a5670f0/acme.corp",
   "ldap/DC01/acme",
   "ldap/b12e63cf-2472-4187-9c80-4db75a5670f0._msdcs.acme.corp",
   "ldap/DC01.acme.corp/acme",
   "ldap/DC01",
   "ldap/DC01.acme.corp",
   "ldap/DC01.acme.corp/acme.corp"
  ],
  "description": null,
  "operatingsystem": "Windows Server 2012 R2 Datacenter",
  "operatingsystemname": "Windows Server 2012 R2 Datacenter",
  "operatingsystemservicepack": null,
  "operatingsystemversion": "6.3 (9600)",
  "sidhistory": []
 },
 "RemoteDesktopUsers": {
  "Collected": true,
  "FailureReason": null,
  "Results": []
 },
 "DcomUsers": {
  "Collected": true,
  "FailureReason": null,
  "Results": []
 },
 "AllowedToDelegate": [],
 "Sessions": {
  "Collected": true,
  "FailureReason": null,
  "Results": []
 },
 "PrivilegedSessions": {
  "Collected": true,
  "FailureReason": null,
  "Results": []
 },
 "RegistrySessions": {
  "Collected": true,
  "FailureReason": null,
  "Results": [
   {
    "ComputerSID": "S-1-5-21-973666939-246349160-710258512-1001",
    "UserSID": "S-1-5-21-973666939-246349160-710258512-1227"
   },
   {
    "ComputerSID": "S-1-5-21-973666939-246349160-710258512-1001",
    "UserSID": "S-1-5-21-973666939-246349160-710258512-500"
   }
  ]
 },
 "Aces": [
  {
   "RightName": "Owns",
   "IsInherited": false,
   "PrincipalSID": "S-1-5-21-973666939-246349160-710258512-512",
   "PrincipalType": "Group"
  },
  {
   "RightName": "GenericAll",
   "IsInherited": false,
   "PrincipalSID": "S-1-5-21-973666939-246349160-710258512-512",
   "PrincipalType": "Group"
  },
  {
   "RightName": "GenericAll",
   "IsInherited": true,
   "PrincipalSID": "S-1-5-21-973666939-246349160-710258512-519",
   "PrincipalType": "Group"
  },
  {
   "RightName": "GenericWrite",
   "IsInherited": true,
   "PrincipalSID": "ACME.CORP-S-1-5-32-544",
   "PrincipalType": "Group"
  },
  {
   "RightName": "WriteOwner",
   "IsInherited": true,
   "PrincipalSID": "ACME.CORP-S-1-5-32-544",
   "PrincipalType": "Group"
  },
  {
   "RightName": "WriteDacl",
   "IsInherited": true,
   "PrincipalSID": "ACME.CORP-S-1-5-32-544",
   "PrincipalType": "Group"
  }
 ],
 "HasSIDHistory": [],
 "IsDeleted": false,
 "Status": null,
 "IsACLProtected": false
}],"meta":{"methods":0,"type":"computers","count":3, "version":5}}