{"data":[{
 "ObjectIdentifier": "5D339566-341C-447E-A25B-8D8D89DB1E1E",
 "Properties": {
  "domain": "ACME.CORP",
  "name": "OFFICE COMPUTERS@ACME.CORP",
  "distinguishedname": "OU=OFFICE COMPUTERS,DC=ACME,DC=CORP",
  "domainsid": "S-1-5-21-973666939-246349160-710258512",
  "highvalue": false,
  "blocksinheritance": false,
  "description": null,
  "whencreated": 1709095158
 },
 "IsDeleted": false,
 "IsACLProtected": false,
 "Aces": [
  {
   "RightName": "Owns",
   "IsInherited": false,
   "PrincipalSID": "S-1-5-21-973666939-246349160-710258512-512",
   "PrincipalType": "Group"
  },
  {
   "RightName": "GenericAll",
   "IsInherited": false,
   "PrincipalSID": "S-1-5-21-973666939-246349160-710258512-512",
   "PrincipalType": "Group"
  },
  {
   "RightName": "GenericAll",
   "IsInherited": true,
   "PrincipalSID": "S-1-5-21-973666939-246349160-710258512-519",
   "PrincipalType": "Group"
  },
  {
   "RightName": "GenericWrite",
   "IsInherited": true,
   "PrincipalSID": "ACME.CORP-S-1-5-32-544",
   "PrincipalType": "Group"
  },
  {
   "RightName": "WriteOwner",
   "IsInherited": true,
   "PrincipalSID": "ACME.CORP-S-1-5-32-544",
   "PrincipalType": "Group"
  },
  {
   "RightName": "WriteDacl",
   "IsInherited": true,
   "PrincipalSID": "ACME.CORP-S-1-5-32-544",
   "PrincipalType": "Group"
  }
 ],
 "Links": [
  {
   "IsEnforced": false,
   "GUID": "DCEC5DF5-A731-4CA0-94F7-AAA72A956431"
  }
 ],
 "ChildObjects": [
  {
   "ObjectIdentifier": "S-1-5-21-973666939-246349160-710258512-1216",
   "ObjectType": "Computer"
  },
  {
   "ObjectIdentifier": "S-1-5-21-973666939-246349160-710258512-1215",
   "ObjectType": "Computer"
  }
 ],
 "GPOChanges": {
  "AffectedComputers": [],
  "DcomUsers": [],
  "LocalAdmins": [],
  "PSRemoteUsers": [],
  "RemoteDesktopUsers": []
 }
},{
 "ObjectIdentifier": "87A475E8-718B-4BBC-9334-29218191A434",
 "Properties": {
  "domain": "ACME.CORP",
  "name": "DOMAIN CONTROLLERS@ACME.CORP",
  "distinguishedname": "OU=DOMAIN CONTROLLERS,DC=ACME,DC=CORP",
  "domainsid": "S-1-5-21-973666939-246349160-710258512",
  "highvalue": false,
  "blocksinheritance": false,
  "description": "Default container for domain controllers",
  "whencreated": 1709079058
 },
 "IsDeleted": false,
 "IsACLProtected": false,
 "Aces": [
  {
   "RightName": "Owns",
   "IsInherited": false,
   "PrincipalSID": "S-1-5-21-973666939-246349160-710258512-512",
   "PrincipalType": "Group"
  },
  {
   "RightName": "GenericWrite",
   "IsInherited": false,
   "PrincipalSID": "S-1-5-21-973666939-246349160-710258512-512",
   "PrincipalType": "Group"
  },
  {
   "RightName": "WriteOwner",
   "IsInherited": false,
   "PrincipalSID": "S-1-5-21-973666939-246349160-710258512-512",
   "PrincipalType": "Group"
  },
  {
   "RightName": "WriteDacl",
   "IsInherited": false,
   "PrincipalSID": "S-1-5-21-973666939-246349160-710258512-512",
   "PrincipalType": "Group"
  },
  {
   "RightName": "GenericAll",
   "IsInherited": true,
   "PrincipalSID": "S-1-5-21-973666939-246349160-710258512-519",
   "PrincipalType": "Group"
  },
  {
   "RightName": "GenericWrite",
   "IsInherited": true,
   "PrincipalSID": "ACME.CORP-S-1-5-32-544",
   "PrincipalType": "Group"
  },
  {
   "RightName": "WriteOwner",
   "IsInherited": true,
   "PrincipalSID": "ACME.CORP-S-1-5-32-544",
   "PrincipalType": "Group"
  },
  {
   "RightName": "WriteDacl",
   "IsInherited": true,
   "PrincipalSID": "ACME.CORP-S-1-5-32-544",
   "PrincipalType": "Group"
  }
 ],
 "Links": [
  {
   "IsEnforced": false,
   "GUID": "DFF574E5-89AF-4E96-8B84-D403EA94651F"
  }
 ],
 "ChildObjects": [
  {
   "ObjectIdentifier": "S-1-5-21-973666939-246349160-710258512-1001",
   "ObjectType": "Computer"
  }
 ],
 "GPOChanges": {
  "AffectedComputers": [],
  "DcomUsers": [],
  "LocalAdmins": [],
  "PSRemoteUsers": [],
  "RemoteDesktopUsers": []
 }
}],"meta":{"methods":0,"type":"ous","count":2, "version":5}}