{
 "data": [
  {
   "ObjectIdentifier": "S-1-5-21-973666939-246349160-710258512",
   "Properties": {
    "name": "ACME.CORP",
    "domain": "ACME.CORP",
    "domainsid": "S-1-5-21-973666939-246349160-710258512",
    "distinguishedname": "DC=ACME,DC=CORP",
    "description": "",
    "functionallevel": "2012",
    "highvalue": true,
    "whencreated": 1709079048
   },
   "Trusts": [],
   "Aces": [
    {
     "RightName": "Owns",
     "IsInherited": false,
     "PrincipalSID": "ACME.CORP-S-1-5-32-544",
     "PrincipalType": "Group"
    },
    {
     "RightName": "GetChangesInFilteredSet",
     "IsInherited": false,
     "PrincipalSID": "S-1-5-21-973666939-246349160-710258512-1114",
     "PrincipalType": "User"
    },
    {
     "RightName": "GetChangesInFilteredSet",
     "IsInherited": false,
     "PrincipalSID": "S-1-5-21-973666939-246349160-710258512-1142",
     "PrincipalType": "User"
    },
    {
     "RightName": "GetChanges",
     "IsInherited": false,
     "PrincipalSID": "S-1-5-21-973666939-246349160-710258512-1114",
     "PrincipalType": "User"
    },
    {
     "RightName": "GetChanges",
     "IsInherited": false,
     "PrincipalSID": "S-1-5-21-973666939-246349160-710258512-1142",
     "PrincipalType": "User"
    },
    {
     "RightName": "GetChanges",
     "IsInherited": false,
     "PrincipalSID": "S-1-5-21-973666939-246349160-710258512-498",
     "PrincipalType": "Group"
    },
    {
     "RightName": "GetChangesAll",
     "IsInherited": false,
     "PrincipalSID": "S-1-5-21-973666939-246349160-710258512-516",
     "PrincipalType": "Group"
    },
    {
     "RightName": "GetChangesAll",
     "IsInherited": false,
     "PrincipalSID": "S-1-5-21-973666939-246349160-710258512-1114",
     "PrincipalType": "User"
    },
    {
     "RightName": "GetChangesAll",
     "IsInherited": false,
     "PrincipalSID": "S-1-5-21-973666939-246349160-710258512-1142",
     "PrincipalType": "User"
    },
    {
     "RightName": "GetChangesInFilteredSet",
     "IsInherited": false,
     "PrincipalSID": "ACME.CORP-S-1-5-32-544",
     "PrincipalType": "Group"
    },
    {
     "RightName": "GetChanges",
     "IsInherited": false,
     "PrincipalSID": "ACME.CORP-S-1-5-32-544",
     "PrincipalType": "Group"
    },
    {
     "RightName": "GetChangesAll",
     "IsInherited": false,
     "PrincipalSID": "ACME.CORP-S-1-5-32-544",
     "PrincipalType": "Group"
    },
    {
     "RightName": "GetChangesInFilteredSet",
     "IsInherited": false,
     "PrincipalSID": "ACME.CORP-S-1-5-9",
     "PrincipalType": "Group"
    },
    {
     "RightName": "GetChanges",
     "IsInherited": false,
     "PrincipalSID": "ACME.CORP-S-1-5-9",
     "PrincipalType": "Group"
    },
    {
     "RightName": "WriteOwner",
     "IsInherited": false,
     "PrincipalSID": "S-1-5-21-973666939-246349160-710258512-512",
     "PrincipalType": "Group"
    },
    {
     "RightName": "AllExtendedRights",
     "IsInherited": false,
     "PrincipalSID": "S-1-5-21-973666939-246349160-710258512-512",
     "PrincipalType": "Group"
    },
    {
     "RightName": "WriteDacl",
     "IsInherited": false,
     "PrincipalSID": "S-1-5-21-973666939-246349160-710258512-512",
     "PrincipalType": "Group"
    },
    {
     "RightName": "GenericAll",
     "IsInherited": false,
     "PrincipalSID": "S-1-5-21-973666939-246349160-710258512-519",
     "PrincipalType": "Group"
    },
    {
     "RightName": "WriteOwner",
     "IsInherited": false,
     "PrincipalSID": "ACME.CORP-S-1-5-32-544",
     "PrincipalType": "Group"
    },
    {
     "RightName": "AllExtendedRights",
     "IsInherited": false,
     "PrincipalSID": "ACME.CORP-S-1-5-32-544",
     "PrincipalType": "Group"
    },
    {
     "RightName": "WriteDacl",
     "IsInherited": false,
     "PrincipalSID": "ACME.CORP-S-1-5-32-544",
     "PrincipalType": "Group"
    }
   ],
   "Links": [
    {
     "IsEnforced": true,
     "GUID": "DCEC5DF5-A731-4CA0-94F7-AAA72A956431"
    }
   ],
   "ChildObjects": [
    {
     "ObjectIdentifier": "ED17B81C-162F-40B3-9B4D-8A5E04E975EC",
     "ObjectType": "Container"
    },
    {
     "ObjectIdentifier": "5D339566-341C-447E-A25B-8D8D89DB1E1E",
     "ObjectType": "OU"
    },
    {
     "ObjectIdentifier": "B65E7EE3-00FF-4F9C-8395-8E6F22C0B744",
     "ObjectType": "Container"
    },
    {
     "ObjectIdentifier": "D93A9AAD-5B52-47CD-88DC-6D67E84DDF81",
     "ObjectType": "Container"
    },
    {
     "ObjectIdentifier": "87A475E8-718B-4BBC-9334-29218191A434",
     "ObjectType": "OU"
    },
    {
     "ObjectIdentifier": "2C0CC026-0B65-49D8-97B4-22AE87F70A71",
     "ObjectType": "Container"
    }
   ],
   "GPOChanges": {
    "AffectedComputers": [],
    "DcomUsers": [],
    "LocalAdmins": [],
    "PSRemoteUsers": [],
    "RemoteDesktopUsers": []
   },
   "IsDeleted": false,
   "IsACLProtected": false
  }
 ],
 "meta": {
  "type": "domains",
  "count": 1,
  "version": 5
 }
}